{"cameraMode":{"drawMode":0,"name":"Shaded","section":"Shading Mode"},"sceneLighting":true,"audioPlay":false,"sceneViewState":{"m_AlwaysRefresh":false,"showFog":true,"showSkybox":false,"showFlares":true,"showImageEffects":true,"showParticleSystems":true,"showVisualEffectGraphs":true,"m_FxEnabled":true},"in2DMode":false,"pivot":{"x":0.00028228759765625,"y":0.002620697021484375,"z":-0.09748077392578125},"rotation":{"x":0.517773449420929,"y":0.028347499668598176,"z":-0.01921750232577324,"w":0.8551443219184876},"size":12.12435531616211,"orthographic":false}